"Category"," (from)"," (to)"," (weight)"
"highcharts-hv9y537-3","Austria","Austria",8394
"highcharts-hv9y537-4","Austria","Belgium",6825
"highcharts-hv9y537-5","Austria","Bulgaria",603
"highcharts-hv9y537-6","Austria","Croatia",2389
"highcharts-hv9y537-7","Austria","Cyprus",780
"highcharts-hv9y537-8","Austria","Czechia",3808
"highcharts-hv9y537-9","Austria","Denmark",3962
"highcharts-hv9y537-10","Austria","Estonia",1104
"highcharts-hv9y537-11","Austria","Finland",7014
"highcharts-hv9y537-12","Austria","France",15250
"highcharts-hv9y537-13","Austria","Germany",30142
"highcharts-hv9y537-14","Austria","Greece",2813
"highcharts-hv9y537-15","Austria","Hungary",2205
"highcharts-hv9y537-16","Austria","Iceland",1215
"highcharts-hv9y537-17","Austria","Ireland",10459
"highcharts-hv9y537-18","Austria","Italy",17387
"highcharts-hv9y537-19","Austria","Latvia",1162
"highcharts-hv9y537-20","Austria","Liechtenstein",215
"highcharts-hv9y537-21","Austria","Lithuania",988
"highcharts-hv9y537-22","Austria","Luxembourg",428
"highcharts-hv9y537-23","Austria","Malta",2535
"highcharts-hv9y537-24","Austria","Netherlands",7061
"highcharts-hv9y537-25","Austria","North Macedonia",100
"highcharts-hv9y537-26","Austria","Norway",4279
"highcharts-hv9y537-27","Austria","Poland",2376
"highcharts-hv9y537-28","Austria","Portugal",5394
"highcharts-hv9y537-29","Austria","Rest of the world",4167
"highcharts-hv9y537-30","Austria","Romania",1531
"highcharts-hv9y537-31","Austria","Serbia",254
"highcharts-hv9y537-32","Austria","Slovakia",1088
"highcharts-hv9y537-33","Austria","Slovenia",2654
"highcharts-hv9y537-34","Austria","Spain",19924
"highcharts-hv9y537-35","Austria","Sweden",6786
"highcharts-hv9y537-36","Austria","Türkiye",1765
"highcharts-hv9y537-37","Austria","United Kingdom",11881
"highcharts-hv9y537-38","Belgium","Austria",4857
"highcharts-hv9y537-39","Belgium","Belgium",8824
"highcharts-hv9y537-40","Belgium","Bulgaria",1084
"highcharts-hv9y537-41","Belgium","Croatia",1481
"highcharts-hv9y537-42","Belgium","Cyprus",988
"highcharts-hv9y537-43","Belgium","Czechia",3377
"highcharts-hv9y537-44","Belgium","Denmark",5055
"highcharts-hv9y537-45","Belgium","Estonia",1878
"highcharts-hv9y537-46","Belgium","Finland",9080
"highcharts-hv9y537-47","Belgium","France",32003
"highcharts-hv9y537-48","Belgium","Germany",13074
"highcharts-hv9y537-49","Belgium","Greece",3239
"highcharts-hv9y537-50","Belgium","Hungary",2965
"highcharts-hv9y537-51","Belgium","Iceland",1247
"highcharts-hv9y537-52","Belgium","Ireland",4371
"highcharts-hv9y537-53","Belgium","Italy",16401
"highcharts-hv9y537-54","Belgium","Latvia",1118
"highcharts-hv9y537-55","Belgium","Liechtenstein",128
"highcharts-hv9y537-56","Belgium","Lithuania",1387
"highcharts-hv9y537-57","Belgium","Luxembourg",2390
"highcharts-hv9y537-58","Belgium","Malta",3938
"highcharts-hv9y537-59","Belgium","Netherlands",15061
"highcharts-hv9y537-60","Belgium","North Macedonia",748
"highcharts-hv9y537-61","Belgium","Norway",4515
"highcharts-hv9y537-62","Belgium","Poland",3091
"highcharts-hv9y537-63","Belgium","Portugal",10480
"highcharts-hv9y537-64","Belgium","Rest of the world",8014
"highcharts-hv9y537-65","Belgium","Romania",2167
"highcharts-hv9y537-66","Belgium","Serbia",339
"highcharts-hv9y537-67","Belgium","Slovakia",686
"highcharts-hv9y537-68","Belgium","Slovenia",1988
"highcharts-hv9y537-69","Belgium","Spain",29627
"highcharts-hv9y537-70","Belgium","Sweden",5921
"highcharts-hv9y537-71","Belgium","Türkiye",2160
"highcharts-hv9y537-72","Belgium","United Kingdom",9518
"highcharts-hv9y537-73","Bulgaria","Austria",2960
"highcharts-hv9y537-74","Bulgaria","Belgium",1402
"highcharts-hv9y537-75","Bulgaria","Bulgaria",17655
"highcharts-hv9y537-76","Bulgaria","Croatia",2643
"highcharts-hv9y537-77","Bulgaria","Cyprus",2313
"highcharts-hv9y537-78","Bulgaria","Czechia",3712
"highcharts-hv9y537-79","Bulgaria","Denmark",595
"highcharts-hv9y537-80","Bulgaria","Estonia",1055
"highcharts-hv9y537-81","Bulgaria","Finland",1156
"highcharts-hv9y537-82","Bulgaria","France",5227
"highcharts-hv9y537-83","Bulgaria","Germany",11165
"highcharts-hv9y537-84","Bulgaria","Greece",7732
"highcharts-hv9y537-85","Bulgaria","Hungary",3207
"highcharts-hv9y537-86","Bulgaria","Iceland",175
"highcharts-hv9y537-87","Bulgaria","Ireland",1286
"highcharts-hv9y537-88","Bulgaria","Italy",19868
"highcharts-hv9y537-89","Bulgaria","Latvia",2064
"highcharts-hv9y537-90","Bulgaria","Liechtenstein",14
"highcharts-hv9y537-91","Bulgaria","Lithuania",2275
"highcharts-hv9y537-92","Bulgaria","Luxembourg",347
"highcharts-hv9y537-93","Bulgaria","Malta",2311
"highcharts-hv9y537-94","Bulgaria","Netherlands",2112
"highcharts-hv9y537-95","Bulgaria","North Macedonia",2936
"highcharts-hv9y537-96","Bulgaria","Norway",564
"highcharts-hv9y537-97","Bulgaria","Poland",8992
"highcharts-hv9y537-98","Bulgaria","Portugal",10495
"highcharts-hv9y537-99","Bulgaria","Rest of the world",2961
"highcharts-hv9y537-100","Bulgaria","Romania",11550
"highcharts-hv9y537-101","Bulgaria","Serbia",1313
"highcharts-hv9y537-102","Bulgaria","Slovakia",1776
"highcharts-hv9y537-103","Bulgaria","Slovenia",1471
"highcharts-hv9y537-104","Bulgaria","Spain",18701
"highcharts-hv9y537-105","Bulgaria","Sweden",744
"highcharts-hv9y537-106","Bulgaria","Türkiye",12754
"highcharts-hv9y537-107","Bulgaria","United Kingdom",4198
"highcharts-hv9y537-108","Croatia","Austria",3295
"highcharts-hv9y537-109","Croatia","Belgium",1277
"highcharts-hv9y537-110","Croatia","Bulgaria",1840
"highcharts-hv9y537-111","Croatia","Croatia",11798
"highcharts-hv9y537-112","Croatia","Cyprus",1115
"highcharts-hv9y537-113","Croatia","Czechia",3294
"highcharts-hv9y537-114","Croatia","Denmark",736
"highcharts-hv9y537-115","Croatia","Estonia",697
"highcharts-hv9y537-116","Croatia","Finland",1587
"highcharts-hv9y537-117","Croatia","France",3521
"highcharts-hv9y537-118","Croatia","Germany",8960
"highcharts-hv9y537-119","Croatia","Greece",2938
"highcharts-hv9y537-120","Croatia","Hungary",1996
"highcharts-hv9y537-121","Croatia","Iceland",433
"highcharts-hv9y537-122","Croatia","Ireland",2406
"highcharts-hv9y537-123","Croatia","Italy",10434
"highcharts-hv9y537-124","Croatia","Latvia",1106
"highcharts-hv9y537-125","Croatia","Liechtenstein",6
"highcharts-hv9y537-126","Croatia","Lithuania",1510
"highcharts-hv9y537-127","Croatia","Luxembourg",205
"highcharts-hv9y537-128","Croatia","Malta",873
"highcharts-hv9y537-129","Croatia","Netherlands",1895
"highcharts-hv9y537-130","Croatia","North Macedonia",1112
"highcharts-hv9y537-131","Croatia","Norway",740
"highcharts-hv9y537-132","Croatia","Poland",6604
"highcharts-hv9y537-133","Croatia","Portugal",8541
"highcharts-hv9y537-134","Croatia","Rest of the world",2742
"highcharts-hv9y537-135","Croatia","Romania",3292
"highcharts-hv9y537-136","Croatia","Serbia",1324
"highcharts-hv9y537-137","Croatia","Slovakia",1372
"highcharts-hv9y537-138","Croatia","Slovenia",8173
"highcharts-hv9y537-139","Croatia","Spain",13299
"highcharts-hv9y537-140","Croatia","Sweden",987
"highcharts-hv9y537-141","Croatia","Türkiye",3928
"highcharts-hv9y537-142","Croatia","United Kingdom",2182
"highcharts-hv9y537-143","Cyprus","Austria",440
"highcharts-hv9y537-144","Cyprus","Belgium",657
"highcharts-hv9y537-145","Cyprus","Bulgaria",752
"highcharts-hv9y537-146","Cyprus","Croatia",496
"highcharts-hv9y537-147","Cyprus","Cyprus",5560
"highcharts-hv9y537-148","Cyprus","Czechia",1093
"highcharts-hv9y537-149","Cyprus","Denmark",352
"highcharts-hv9y537-150","Cyprus","Estonia",376
"highcharts-hv9y537-151","Cyprus","Finland",359
"highcharts-hv9y537-152","Cyprus","France",1126
"highcharts-hv9y537-153","Cyprus","Germany",2096
"highcharts-hv9y537-154","Cyprus","Greece",9247
"highcharts-hv9y537-155","Cyprus","Hungary",628
"highcharts-hv9y537-156","Cyprus","Iceland",81
"highcharts-hv9y537-157","Cyprus","Ireland",339
"highcharts-hv9y537-158","Cyprus","Italy",3456
"highcharts-hv9y537-159","Cyprus","Latvia",491
"highcharts-hv9y537-160","Cyprus","Lithuania",572
"highcharts-hv9y537-161","Cyprus","Luxembourg",43
"highcharts-hv9y537-162","Cyprus","Malta",232
"highcharts-hv9y537-163","Cyprus","Netherlands",711
"highcharts-hv9y537-164","Cyprus","North Macedonia",144
"highcharts-hv9y537-165","Cyprus","Norway",182
"highcharts-hv9y537-166","Cyprus","Poland",2290
"highcharts-hv9y537-167","Cyprus","Portugal",1687
"highcharts-hv9y537-168","Cyprus","Rest of the world",581
"highcharts-hv9y537-169","Cyprus","Romania",1146
"highcharts-hv9y537-170","Cyprus","Serbia",84
"highcharts-hv9y537-171","Cyprus","Slovakia",263
"highcharts-hv9y537-172","Cyprus","Slovenia",271
"highcharts-hv9y537-173","Cyprus","Spain",2978
"highcharts-hv9y537-174","Cyprus","Sweden",536
"highcharts-hv9y537-175","Cyprus","Türkiye",147
"highcharts-hv9y537-176","Cyprus","United Kingdom",1470
"highcharts-hv9y537-177","Czechia","Austria",10060
"highcharts-hv9y537-178","Czechia","Belgium",4584
"highcharts-hv9y537-179","Czechia","Bulgaria",2291
"highcharts-hv9y537-180","Czechia","Croatia",3515
"highcharts-hv9y537-181","Czechia","Cyprus",2152
"highcharts-hv9y537-182","Czechia","Czechia",10711
"highcharts-hv9y537-183","Czechia","Denmark",2465
"highcharts-hv9y537-184","Czechia","Estonia",2782
"highcharts-hv9y537-185","Czechia","Finland",6804
"highcharts-hv9y537-186","Czechia","France",11665
"highcharts-hv9y537-187","Czechia","Germany",24665
"highcharts-hv9y537-188","Czechia","Greece",5271
"highcharts-hv9y537-189","Czechia","Hungary",5345
"highcharts-hv9y537-190","Czechia","Iceland",1344
"highcharts-hv9y537-191","Czechia","Ireland",9168
"highcharts-hv9y537-192","Czechia","Italy",16630
"highcharts-hv9y537-193","Czechia","Latvia",3247
"highcharts-hv9y537-194","Czechia","Liechtenstein",80
"highcharts-hv9y537-195","Czechia","Lithuania",3008
"highcharts-hv9y537-196","Czechia","Luxembourg",466
"highcharts-hv9y537-197","Czechia","Malta",5035
"highcharts-hv9y537-198","Czechia","Netherlands",5266
"highcharts-hv9y537-199","Czechia","North Macedonia",447
"highcharts-hv9y537-200","Czechia","Norway",3384
"highcharts-hv9y537-201","Czechia","Poland",14363
"highcharts-hv9y537-202","Czechia","Portugal",13722
"highcharts-hv9y537-203","Czechia","Rest of the world",4764
"highcharts-hv9y537-204","Czechia","Romania",3690
"highcharts-hv9y537-205","Czechia","Serbia",398
"highcharts-hv9y537-206","Czechia","Slovakia",18160
"highcharts-hv9y537-207","Czechia","Slovenia",6017
"highcharts-hv9y537-208","Czechia","Spain",25696
"highcharts-hv9y537-209","Czechia","Sweden",3870
"highcharts-hv9y537-210","Czechia","Türkiye",5573
"highcharts-hv9y537-211","Czechia","United Kingdom",12274
"highcharts-hv9y537-212","Denmark","Austria",3005
"highcharts-hv9y537-213","Denmark","Belgium",3916
"highcharts-hv9y537-214","Denmark","Bulgaria",569
"highcharts-hv9y537-215","Denmark","Croatia",659
"highcharts-hv9y537-216","Denmark","Cyprus",516
"highcharts-hv9y537-217","Denmark","Czechia",2048
"highcharts-hv9y537-218","Denmark","Denmark",5178
"highcharts-hv9y537-219","Denmark","Estonia",975
"highcharts-hv9y537-220","Denmark","Finland",3120
"highcharts-hv9y537-221","Denmark","France",7806
"highcharts-hv9y537-222","Denmark","Germany",14049
"highcharts-hv9y537-223","Denmark","Greece",1388
"highcharts-hv9y537-224","Denmark","Hungary",1575
"highcharts-hv9y537-225","Denmark","Iceland",3366
"highcharts-hv9y537-226","Denmark","Ireland",4159
"highcharts-hv9y537-227","Denmark","Italy",6639
"highcharts-hv9y537-228","Denmark","Latvia",870
"highcharts-hv9y537-229","Denmark","Liechtenstein",22
"highcharts-hv9y537-230","Denmark","Lithuania",1003
"highcharts-hv9y537-231","Denmark","Luxembourg",150
"highcharts-hv9y537-232","Denmark","Malta",1113
"highcharts-hv9y537-233","Denmark","Netherlands",6922
"highcharts-hv9y537-234","Denmark","North Macedonia",132
"highcharts-hv9y537-235","Denmark","Norway",6871
"highcharts-hv9y537-236","Denmark","Poland",1721
"highcharts-hv9y537-237","Denmark","Portugal",3121
"highcharts-hv9y537-238","Denmark","Rest of the world",3376
"highcharts-hv9y537-239","Denmark","Romania",1404
"highcharts-hv9y537-240","Denmark","Serbia",151
"highcharts-hv9y537-241","Denmark","Slovakia",960
"highcharts-hv9y537-242","Denmark","Slovenia",428
"highcharts-hv9y537-243","Denmark","Spain",15804
"highcharts-hv9y537-244","Denmark","Sweden",3292
"highcharts-hv9y537-245","Denmark","Türkiye",1740
"highcharts-hv9y537-246","Denmark","United Kingdom",11370
"highcharts-hv9y537-247","Estonia","Austria",1488
"highcharts-hv9y537-248","Estonia","Belgium",1583
"highcharts-hv9y537-249","Estonia","Bulgaria",847
"highcharts-hv9y537-250","Estonia","Croatia",1132
"highcharts-hv9y537-251","Estonia","Cyprus",1793
"highcharts-hv9y537-252","Estonia","Czechia",1990
"highcharts-hv9y537-253","Estonia","Denmark",1830
"highcharts-hv9y537-254","Estonia","Estonia",7486
"highcharts-hv9y537-255","Estonia","Finland",4521
"highcharts-hv9y537-256","Estonia","France",4213
"highcharts-hv9y537-257","Estonia","Germany",6667
"highcharts-hv9y537-258","Estonia","Greece",2278
"highcharts-hv9y537-259","Estonia","Hungary",1610
"highcharts-hv9y537-260","Estonia","Iceland",808
"highcharts-hv9y537-261","Estonia","Ireland",875
"highcharts-hv9y537-262","Estonia","Italy",6612
"highcharts-hv9y537-263","Estonia","Latvia",2844
"highcharts-hv9y537-264","Estonia","Liechtenstein",21
"highcharts-hv9y537-265","Estonia","Lithuania",2487
"highcharts-hv9y537-266","Estonia","Luxembourg",523
"highcharts-hv9y537-267","Estonia","Malta",1120
"highcharts-hv9y537-268","Estonia","Netherlands",2424
"highcharts-hv9y537-269","Estonia","North Macedonia",376
"highcharts-hv9y537-270","Estonia","Norway",1108
"highcharts-hv9y537-271","Estonia","Poland",2977
"highcharts-hv9y537-272","Estonia","Portugal",4177
"highcharts-hv9y537-273","Estonia","Rest of the world",3052
"highcharts-hv9y537-274","Estonia","Romania",1765
"highcharts-hv9y537-275","Estonia","Serbia",183
"highcharts-hv9y537-276","Estonia","Slovakia",704
"highcharts-hv9y537-277","Estonia","Slovenia",1578
"highcharts-hv9y537-278","Estonia","Spain",7346
"highcharts-hv9y537-279","Estonia","Sweden",1752
"highcharts-hv9y537-280","Estonia","Türkiye",2843
"highcharts-hv9y537-281","Estonia","United Kingdom",2298
"highcharts-hv9y537-282","Finland","Austria",5932
"highcharts-hv9y537-283","Finland","Belgium",5862
"highcharts-hv9y537-284","Finland","Bulgaria",475
"highcharts-hv9y537-285","Finland","Croatia",1847
"highcharts-hv9y537-286","Finland","Cyprus",839
"highcharts-hv9y537-287","Finland","Czechia",3987
"highcharts-hv9y537-288","Finland","Denmark",3820
"highcharts-hv9y537-289","Finland","Estonia",3661
"highcharts-hv9y537-290","Finland","Finland",9643
"highcharts-hv9y537-291","Finland","France",10415
"highcharts-hv9y537-292","Finland","Germany",21081
"highcharts-hv9y537-293","Finland","Greece",3284
"highcharts-hv9y537-294","Finland","Hungary",2849
"highcharts-hv9y537-295","Finland","Iceland",1796
"highcharts-hv9y537-296","Finland","Ireland",3565
"highcharts-hv9y537-297","Finland","Italy",11966
"highcharts-hv9y537-298","Finland","Latvia",980
"highcharts-hv9y537-299","Finland","Liechtenstein",61
"highcharts-hv9y537-300","Finland","Lithuania",1177
"highcharts-hv9y537-301","Finland","Luxembourg",343
"highcharts-hv9y537-302","Finland","Malta",2415
"highcharts-hv9y537-303","Finland","Netherlands",11035
"highcharts-hv9y537-304","Finland","North Macedonia",210
"highcharts-hv9y537-305","Finland","Norway",2639
"highcharts-hv9y537-306","Finland","Poland",3577
"highcharts-hv9y537-307","Finland","Portugal",5906
"highcharts-hv9y537-308","Finland","Rest of the world",2887
"highcharts-hv9y537-309","Finland","Romania",1178
"highcharts-hv9y537-310","Finland","Serbia",145
"highcharts-hv9y537-311","Finland","Slovakia",949
"highcharts-hv9y537-312","Finland","Slovenia",2440
"highcharts-hv9y537-313","Finland","Spain",23584
"highcharts-hv9y537-314","Finland","Sweden",5317
"highcharts-hv9y537-315","Finland","Türkiye",1149
"highcharts-hv9y537-316","Finland","United Kingdom",9114
"highcharts-hv9y537-317","France","Austria",12145
"highcharts-hv9y537-318","France","Belgium",55047
"highcharts-hv9y537-319","France","Bulgaria",5243
"highcharts-hv9y537-320","France","Croatia",7226
"highcharts-hv9y537-321","France","Cyprus",3656
"highcharts-hv9y537-322","France","Czechia",22060
"highcharts-hv9y537-323","France","Denmark",15905
"highcharts-hv9y537-324","France","Estonia",4851
"highcharts-hv9y537-325","France","Finland",26351
"highcharts-hv9y537-326","France","France",34968
"highcharts-hv9y537-327","France","Germany",93891
"highcharts-hv9y537-328","France","Greece",23013
"highcharts-hv9y537-329","France","Hungary",13442
"highcharts-hv9y537-330","France","Iceland",3914
"highcharts-hv9y537-331","France","Ireland",68357
"highcharts-hv9y537-332","France","Italy",92621
"highcharts-hv9y537-333","France","Latvia",4660
"highcharts-hv9y537-334","France","Liechtenstein",125
"highcharts-hv9y537-335","France","Lithuania",7199
"highcharts-hv9y537-336","France","Luxembourg",8450
"highcharts-hv9y537-337","France","Malta",28546
"highcharts-hv9y537-338","France","Netherlands",29309
"highcharts-hv9y537-339","France","North Macedonia",996
"highcharts-hv9y537-340","France","Norway",18936
"highcharts-hv9y537-341","France","Poland",26655
"highcharts-hv9y537-342","France","Portugal",35171
"highcharts-hv9y537-343","France","Rest of the world",16791
"highcharts-hv9y537-344","France","Romania",16270
"highcharts-hv9y537-345","France","Serbia",992
"highcharts-hv9y537-346","France","Slovakia",4644
"highcharts-hv9y537-347","France","Slovenia",6323
"highcharts-hv9y537-348","France","Spain",188118
"highcharts-hv9y537-349","France","Sweden",29866
"highcharts-hv9y537-350","France","Türkiye",9605
"highcharts-hv9y537-351","France","United Kingdom",81281
"highcharts-hv9y537-352","Germany","Austria",45327
"highcharts-hv9y537-353","Germany","Belgium",17783
"highcharts-hv9y537-354","Germany","Bulgaria",3775
"highcharts-hv9y537-355","Germany","Croatia",7113
"highcharts-hv9y537-356","Germany","Cyprus",3752
"highcharts-hv9y537-357","Germany","Czechia",19221
"highcharts-hv9y537-358","Germany","Denmark",22233
"highcharts-hv9y537-359","Germany","Estonia",8461
"highcharts-hv9y537-360","Germany","Finland",38783
"highcharts-hv9y537-361","Germany","France",101737
"highcharts-hv9y537-362","Germany","Germany",43224
"highcharts-hv9y537-363","Germany","Greece",20487
"highcharts-hv9y537-364","Germany","Hungary",16069
"highcharts-hv9y537-365","Germany","Iceland",6344
"highcharts-hv9y537-366","Germany","Ireland",50049
"highcharts-hv9y537-367","Germany","Italy",75855
"highcharts-hv9y537-368","Germany","Latvia",7235
"highcharts-hv9y537-369","Germany","Liechtenstein",423
"highcharts-hv9y537-370","Germany","Lithuania",6187
"highcharts-hv9y537-371","Germany","Luxembourg",3048
"highcharts-hv9y537-372","Germany","Malta",18820
"highcharts-hv9y537-373","Germany","Netherlands",35521
"highcharts-hv9y537-374","Germany","North Macedonia",1066
"highcharts-hv9y537-375","Germany","Norway",27811
"highcharts-hv9y537-376","Germany","Poland",32339
"highcharts-hv9y537-377","Germany","Portugal",26246
"highcharts-hv9y537-378","Germany","Rest of the world",19022
"highcharts-hv9y537-379","Germany","Romania",9174
"highcharts-hv9y537-380","Germany","Serbia",1676
"highcharts-hv9y537-381","Germany","Slovakia",4000
"highcharts-hv9y537-382","Germany","Slovenia",6450
"highcharts-hv9y537-383","Germany","Spain",143778
"highcharts-hv9y537-384","Germany","Sweden",39782
"highcharts-hv9y537-385","Germany","Türkiye",25010
"highcharts-hv9y537-386","Germany","United Kingdom",86113
"highcharts-hv9y537-387","Greece","Austria",3766
"highcharts-hv9y537-388","Greece","Belgium",4102
"highcharts-hv9y537-389","Greece","Bulgaria",5016
"highcharts-hv9y537-390","Greece","Croatia",2697
"highcharts-hv9y537-391","Greece","Cyprus",11863
"highcharts-hv9y537-392","Greece","Czechia",6133
"highcharts-hv9y537-393","Greece","Denmark",1738
"highcharts-hv9y537-394","Greece","Estonia",1689
"highcharts-hv9y537-395","Greece","Finland",3582
"highcharts-hv9y537-396","Greece","France",13836
"highcharts-hv9y537-397","Greece","Germany",20166
"highcharts-hv9y537-398","Greece","Greece",13896
"highcharts-hv9y537-399","Greece","Hungary",4033
"highcharts-hv9y537-400","Greece","Iceland",889
"highcharts-hv9y537-401","Greece","Ireland",2018
"highcharts-hv9y537-402","Greece","Italy",30239
"highcharts-hv9y537-403","Greece","Latvia",2411
"highcharts-hv9y537-404","Greece","Liechtenstein",40
"highcharts-hv9y537-405","Greece","Lithuania",3178
"highcharts-hv9y537-406","Greece","Luxembourg",392
"highcharts-hv9y537-407","Greece","Malta",1113
"highcharts-hv9y537-408","Greece","Netherlands",5487
"highcharts-hv9y537-409","Greece","North Macedonia",819
"highcharts-hv9y537-410","Greece","Norway",1314
"highcharts-hv9y537-411","Greece","Poland",13175
"highcharts-hv9y537-412","Greece","Portugal",13525
"highcharts-hv9y537-413","Greece","Rest of the world",3637
"highcharts-hv9y537-414","Greece","Romania",11581
"highcharts-hv9y537-415","Greece","Serbia",1147
"highcharts-hv9y537-416","Greece","Slovakia",1930
"highcharts-hv9y537-417","Greece","Slovenia",2342
"highcharts-hv9y537-418","Greece","Spain",33318
"highcharts-hv9y537-419","Greece","Sweden",3060
"highcharts-hv9y537-420","Greece","Türkiye",9003
"highcharts-hv9y537-421","Greece","United Kingdom",6544
"highcharts-hv9y537-422","Hungary","Austria",8287
"highcharts-hv9y537-423","Hungary","Belgium",3099
"highcharts-hv9y537-424","Hungary","Bulgaria",1691
"highcharts-hv9y537-425","Hungary","Croatia",3383
"highcharts-hv9y537-426","Hungary","Cyprus",2925
"highcharts-hv9y537-427","Hungary","Czechia",4901
"highcharts-hv9y537-428","Hungary","Denmark",2746
"highcharts-hv9y537-429","Hungary","Estonia",1606
"highcharts-hv9y537-430","Hungary","Finland",4792
"highcharts-hv9y537-431","Hungary","France",9031
"highcharts-hv9y537-432","Hungary","Germany",23048
"highcharts-hv9y537-433","Hungary","Greece",11529
"highcharts-hv9y537-434","Hungary","Hungary",12811
"highcharts-hv9y537-435","Hungary","Iceland",778
"highcharts-hv9y537-436","Hungary","Ireland",3671
"highcharts-hv9y537-437","Hungary","Italy",20776
"highcharts-hv9y537-438","Hungary","Latvia",1056
"highcharts-hv9y537-439","Hungary","Liechtenstein",29
"highcharts-hv9y537-440","Hungary","Lithuania",1446
"highcharts-hv9y537-441","Hungary","Luxembourg",191
"highcharts-hv9y537-442","Hungary","Malta",4407
"highcharts-hv9y537-443","Hungary","Netherlands",4842
"highcharts-hv9y537-444","Hungary","North Macedonia",432
"highcharts-hv9y537-445","Hungary","Norway",1507
"highcharts-hv9y537-446","Hungary","Poland",11191
"highcharts-hv9y537-447","Hungary","Portugal",9451
"highcharts-hv9y537-448","Hungary","Rest of the world",4001
"highcharts-hv9y537-449","Hungary","Romania",13588
"highcharts-hv9y537-450","Hungary","Serbia",985
"highcharts-hv9y537-451","Hungary","Slovakia",4942
"highcharts-hv9y537-452","Hungary","Slovenia",2374
"highcharts-hv9y537-453","Hungary","Spain",18960
"highcharts-hv9y537-454","Hungary","Sweden",1479
"highcharts-hv9y537-455","Hungary","Türkiye",6000
"highcharts-hv9y537-456","Hungary","United Kingdom",6288
"highcharts-hv9y537-457","Iceland","Austria",210
"highcharts-hv9y537-458","Iceland","Belgium",435
"highcharts-hv9y537-459","Iceland","Bulgaria",61
"highcharts-hv9y537-460","Iceland","Croatia",195
"highcharts-hv9y537-461","Iceland","Cyprus",97
"highcharts-hv9y537-462","Iceland","Czechia",393
"highcharts-hv9y537-463","Iceland","Denmark",2429
"highcharts-hv9y537-464","Iceland","Estonia",342
"highcharts-hv9y537-465","Iceland","Finland",1056
"highcharts-hv9y537-466","Iceland","France",885
"highcharts-hv9y537-467","Iceland","Germany",1744
"highcharts-hv9y537-468","Iceland","Greece",464
"highcharts-hv9y537-469","Iceland","Hungary",350
"highcharts-hv9y537-470","Iceland","Iceland",2605
"highcharts-hv9y537-471","Iceland","Ireland",276
"highcharts-hv9y537-472","Iceland","Italy",1175
"highcharts-hv9y537-473","Iceland","Latvia",171
"highcharts-hv9y537-474","Iceland","Liechtenstein",15
"highcharts-hv9y537-475","Iceland","Lithuania",200
"highcharts-hv9y537-476","Iceland","Luxembourg",32
"highcharts-hv9y537-477","Iceland","Malta",82
"highcharts-hv9y537-478","Iceland","Netherlands",815
"highcharts-hv9y537-479","Iceland","North Macedonia",14
"highcharts-hv9y537-480","Iceland","Norway",977
"highcharts-hv9y537-481","Iceland","Poland",590
"highcharts-hv9y537-482","Iceland","Portugal",522
"highcharts-hv9y537-483","Iceland","Rest of the world",370
"highcharts-hv9y537-484","Iceland","Romania",262
"highcharts-hv9y537-485","Iceland","Serbia",50
"highcharts-hv9y537-486","Iceland","Slovakia",124
"highcharts-hv9y537-487","Iceland","Slovenia",214
"highcharts-hv9y537-488","Iceland","Spain",1932
"highcharts-hv9y537-489","Iceland","Sweden",1327
"highcharts-hv9y537-490","Iceland","Türkiye",138
"highcharts-hv9y537-491","Iceland","United Kingdom",1265
"highcharts-hv9y537-492","Ireland","Austria",1816
"highcharts-hv9y537-493","Ireland","Belgium",2419
"highcharts-hv9y537-494","Ireland","Bulgaria",346
"highcharts-hv9y537-495","Ireland","Croatia",655
"highcharts-hv9y537-496","Ireland","Cyprus",323
"highcharts-hv9y537-497","Ireland","Czechia",1302
"highcharts-hv9y537-498","Ireland","Denmark",1167
"highcharts-hv9y537-499","Ireland","Estonia",507
"highcharts-hv9y537-500","Ireland","Finland",2839
"highcharts-hv9y537-501","Ireland","France",11578
"highcharts-hv9y537-502","Ireland","Germany",8813
"highcharts-hv9y537-503","Ireland","Greece",1360
"highcharts-hv9y537-504","Ireland","Hungary",875
"highcharts-hv9y537-505","Ireland","Iceland",447
"highcharts-hv9y537-506","Ireland","Ireland",5700
"highcharts-hv9y537-507","Ireland","Italy",5074
"highcharts-hv9y537-508","Ireland","Latvia",208
"highcharts-hv9y537-509","Ireland","Liechtenstein",43
"highcharts-hv9y537-510","Ireland","Lithuania",465
"highcharts-hv9y537-511","Ireland","Luxembourg",765
"highcharts-hv9y537-512","Ireland","Malta",1950
"highcharts-hv9y537-513","Ireland","Netherlands",4461
"highcharts-hv9y537-514","Ireland","North Macedonia",100
"highcharts-hv9y537-515","Ireland","Norway",919
"highcharts-hv9y537-516","Ireland","Poland",1653
"highcharts-hv9y537-517","Ireland","Portugal",1890
"highcharts-hv9y537-518","Ireland","Rest of the world",1499
"highcharts-hv9y537-519","Ireland","Romania",525
"highcharts-hv9y537-520","Ireland","Serbia",33
"highcharts-hv9y537-521","Ireland","Slovakia",170
"highcharts-hv9y537-522","Ireland","Slovenia",755
"highcharts-hv9y537-523","Ireland","Spain",15380
"highcharts-hv9y537-524","Ireland","Sweden",2232
"highcharts-hv9y537-525","Ireland","Türkiye",558
"highcharts-hv9y537-526","Ireland","United Kingdom",4991
"highcharts-hv9y537-527","Italy","Austria",15269
"highcharts-hv9y537-528","Italy","Belgium",27011
"highcharts-hv9y537-529","Italy","Bulgaria",10769
"highcharts-hv9y537-530","Italy","Croatia",7796
"highcharts-hv9y537-531","Italy","Cyprus",5628
"highcharts-hv9y537-532","Italy","Czechia",13429
"highcharts-hv9y537-533","Italy","Denmark",8461
"highcharts-hv9y537-534","Italy","Estonia",5274
"highcharts-hv9y537-535","Italy","Finland",15316
"highcharts-hv9y537-536","Italy","France",85814
"highcharts-hv9y537-537","Italy","Germany",74474
"highcharts-hv9y537-538","Italy","Greece",22572
"highcharts-hv9y537-539","Italy","Hungary",12183
"highcharts-hv9y537-540","Italy","Iceland",1888
"highcharts-hv9y537-541","Italy","Ireland",32198
"highcharts-hv9y537-542","Italy","Italy",41881
"highcharts-hv9y537-543","Italy","Latvia",6709
"highcharts-hv9y537-544","Italy","Liechtenstein",81
"highcharts-hv9y537-545","Italy","Lithuania",11235
"highcharts-hv9y537-546","Italy","Luxembourg",1433
"highcharts-hv9y537-547","Italy","Malta",25434
"highcharts-hv9y537-548","Italy","Netherlands",21348
"highcharts-hv9y537-549","Italy","North Macedonia",2399
"highcharts-hv9y537-550","Italy","Norway",8887
"highcharts-hv9y537-551","Italy","Poland",38099
"highcharts-hv9y537-552","Italy","Portugal",46425
"highcharts-hv9y537-553","Italy","Rest of the world",12476
"highcharts-hv9y537-554","Italy","Romania",23714
"highcharts-hv9y537-555","Italy","Serbia",1515
"highcharts-hv9y537-556","Italy","Slovakia",5000
"highcharts-hv9y537-557","Italy","Slovenia",7378
"highcharts-hv9y537-558","Italy","Spain",217003
"highcharts-hv9y537-559","Italy","Sweden",14179
"highcharts-hv9y537-560","Italy","Türkiye",18109
"highcharts-hv9y537-561","Italy","United Kingdom",45271
"highcharts-hv9y537-562","Latvia","Austria",2050
"highcharts-hv9y537-563","Latvia","Belgium",1187
"highcharts-hv9y537-564","Latvia","Bulgaria",2310
"highcharts-hv9y537-565","Latvia","Croatia",1826
"highcharts-hv9y537-566","Latvia","Cyprus",1632
"highcharts-hv9y537-567","Latvia","Czechia",2872
"highcharts-hv9y537-568","Latvia","Denmark",1422
"highcharts-hv9y537-569","Latvia","Estonia",4437
"highcharts-hv9y537-570","Latvia","Finland",2344
"highcharts-hv9y537-571","Latvia","France",3257
"highcharts-hv9y537-572","Latvia","Germany",8026
"highcharts-hv9y537-573","Latvia","Greece",3353
"highcharts-hv9y537-574","Latvia","Hungary",1442
"highcharts-hv9y537-575","Latvia","Iceland",417
"highcharts-hv9y537-576","Latvia","Ireland",449
"highcharts-hv9y537-577","Latvia","Italy",9709
"highcharts-hv9y537-578","Latvia","Latvia",6744
"highcharts-hv9y537-579","Latvia","Liechtenstein",25
"highcharts-hv9y537-580","Latvia","Lithuania",10089
"highcharts-hv9y537-581","Latvia","Luxembourg",143
"highcharts-hv9y537-582","Latvia","Malta",1409
"highcharts-hv9y537-583","Latvia","Netherlands",2233
"highcharts-hv9y537-584","Latvia","North Macedonia",395
"highcharts-hv9y537-585","Latvia","Norway",1151
"highcharts-hv9y537-586","Latvia","Poland",7346
"highcharts-hv9y537-587","Latvia","Portugal",5798
"highcharts-hv9y537-588","Latvia","Rest of the world",3103
"highcharts-hv9y537-589","Latvia","Romania",2951
"highcharts-hv9y537-590","Latvia","Serbia",143
"highcharts-hv9y537-591","Latvia","Slovakia",1184
"highcharts-hv9y537-592","Latvia","Slovenia",1281
"highcharts-hv9y537-593","Latvia","Spain",9899
"highcharts-hv9y537-594","Latvia","Sweden",1279
"highcharts-hv9y537-595","Latvia","Türkiye",4542
"highcharts-hv9y537-596","Latvia","United Kingdom",1782
"highcharts-hv9y537-597","Liechtenstein","Austria",146
"highcharts-hv9y537-598","Liechtenstein","Belgium",140
"highcharts-hv9y537-599","Liechtenstein","Bulgaria",3
"highcharts-hv9y537-600","Liechtenstein","Croatia",3
"highcharts-hv9y537-601","Liechtenstein","Cyprus",7
"highcharts-hv9y537-602","Liechtenstein","Czechia",63
"highcharts-hv9y537-603","Liechtenstein","Denmark",16
"highcharts-hv9y537-604","Liechtenstein","Estonia",19
"highcharts-hv9y537-605","Liechtenstein","Finland",70
"highcharts-hv9y537-606","Liechtenstein","France",250
"highcharts-hv9y537-607","Liechtenstein","Germany",241
"highcharts-hv9y537-608","Liechtenstein","Greece",62
"highcharts-hv9y537-609","Liechtenstein","Hungary",23
"highcharts-hv9y537-610","Liechtenstein","Iceland",21
"highcharts-hv9y537-611","Liechtenstein","Ireland",82
"highcharts-hv9y537-612","Liechtenstein","Italy",102
"highcharts-hv9y537-613","Liechtenstein","Latvia",10
"highcharts-hv9y537-614","Liechtenstein","Liechtenstein",270
"highcharts-hv9y537-615","Liechtenstein","Lithuania",2
"highcharts-hv9y537-616","Liechtenstein","Luxembourg",56
"highcharts-hv9y537-617","Liechtenstein","Malta",48
"highcharts-hv9y537-618","Liechtenstein","Netherlands",66
"highcharts-hv9y537-619","Liechtenstein","North Macedonia",12
"highcharts-hv9y537-620","Liechtenstein","Norway",23
"highcharts-hv9y537-621","Liechtenstein","Poland",32
"highcharts-hv9y537-622","Liechtenstein","Portugal",52
"highcharts-hv9y537-623","Liechtenstein","Rest of the world",101
"highcharts-hv9y537-624","Liechtenstein","Romania",12
"highcharts-hv9y537-625","Liechtenstein","Serbia",3
"highcharts-hv9y537-626","Liechtenstein","Slovakia",14
"highcharts-hv9y537-627","Liechtenstein","Slovenia",86
"highcharts-hv9y537-628","Liechtenstein","Spain",212
"highcharts-hv9y537-629","Liechtenstein","Sweden",34
"highcharts-hv9y537-630","Liechtenstein","Türkiye",4
"highcharts-hv9y537-631","Liechtenstein","United Kingdom",127
"highcharts-hv9y537-632","Lithuania","Austria",3383
"highcharts-hv9y537-633","Lithuania","Belgium",2327
"highcharts-hv9y537-634","Lithuania","Bulgaria",2638
"highcharts-hv9y537-635","Lithuania","Croatia",3004
"highcharts-hv9y537-636","Lithuania","Cyprus",3569
"highcharts-hv9y537-637","Lithuania","Czechia",4626
"highcharts-hv9y537-638","Lithuania","Denmark",3203
"highcharts-hv9y537-639","Lithuania","Estonia",3941
"highcharts-hv9y537-640","Lithuania","Finland",3471
"highcharts-hv9y537-641","Lithuania","France",6635
"highcharts-hv9y537-642","Lithuania","Germany",11476
"highcharts-hv9y537-643","Lithuania","Greece",5020
"highcharts-hv9y537-644","Lithuania","Hungary",2793
"highcharts-hv9y537-645","Lithuania","Iceland",702
"highcharts-hv9y537-646","Lithuania","Ireland",938
"highcharts-hv9y537-647","Lithuania","Italy",16623
"highcharts-hv9y537-648","Lithuania","Latvia",8003
"highcharts-hv9y537-649","Lithuania","Liechtenstein",4
"highcharts-hv9y537-650","Lithuania","Lithuania",8798
"highcharts-hv9y537-651","Lithuania","Luxembourg",240
"highcharts-hv9y537-652","Lithuania","Malta",3530
"highcharts-hv9y537-653","Lithuania","Netherlands",3067
"highcharts-hv9y537-654","Lithuania","North Macedonia",648
"highcharts-hv9y537-655","Lithuania","Norway",2307
"highcharts-hv9y537-656","Lithuania","Poland",17292
"highcharts-hv9y537-657","Lithuania","Portugal",10580
"highcharts-hv9y537-658","Lithuania","Rest of the world",4621
"highcharts-hv9y537-659","Lithuania","Romania",4944
"highcharts-hv9y537-660","Lithuania","Serbia",374
"highcharts-hv9y537-661","Lithuania","Slovakia",1808
"highcharts-hv9y537-662","Lithuania","Slovenia",2239
"highcharts-hv9y537-663","Lithuania","Spain",16124
"highcharts-hv9y537-664","Lithuania","Sweden",2120
"highcharts-hv9y537-665","Lithuania","Türkiye",10084
"highcharts-hv9y537-666","Lithuania","United Kingdom",4039
"highcharts-hv9y537-667","Luxembourg","Austria",479
"highcharts-hv9y537-668","Luxembourg","Belgium",939
"highcharts-hv9y537-669","Luxembourg","Bulgaria",23
"highcharts-hv9y537-670","Luxembourg","Croatia",64
"highcharts-hv9y537-671","Luxembourg","Cyprus",23
"highcharts-hv9y537-672","Luxembourg","Czechia",137
"highcharts-hv9y537-673","Luxembourg","Denmark",40
"highcharts-hv9y537-674","Luxembourg","Estonia",60
"highcharts-hv9y537-675","Luxembourg","Finland",222
"highcharts-hv9y537-676","Luxembourg","France",2275
"highcharts-hv9y537-677","Luxembourg","Germany",3315
"highcharts-hv9y537-678","Luxembourg","Greece",196
"highcharts-hv9y537-679","Luxembourg","Hungary",94
"highcharts-hv9y537-680","Luxembourg","Iceland",16
"highcharts-hv9y537-681","Luxembourg","Ireland",92
"highcharts-hv9y537-682","Luxembourg","Italy",527
"highcharts-hv9y537-683","Luxembourg","Latvia",18
"highcharts-hv9y537-684","Luxembourg","Liechtenstein",28
"highcharts-hv9y537-685","Luxembourg","Lithuania",53
"highcharts-hv9y537-686","Luxembourg","Luxembourg",2149
"highcharts-hv9y537-687","Luxembourg","Malta",82
"highcharts-hv9y537-688","Luxembourg","Netherlands",212
"highcharts-hv9y537-689","Luxembourg","North Macedonia",23
"highcharts-hv9y537-690","Luxembourg","Norway",46
"highcharts-hv9y537-691","Luxembourg","Poland",144
"highcharts-hv9y537-692","Luxembourg","Portugal",787
"highcharts-hv9y537-693","Luxembourg","Rest of the world",532
"highcharts-hv9y537-694","Luxembourg","Romania",70
"highcharts-hv9y537-695","Luxembourg","Serbia",1
"highcharts-hv9y537-696","Luxembourg","Slovakia",85
"highcharts-hv9y537-697","Luxembourg","Slovenia",32
"highcharts-hv9y537-698","Luxembourg","Spain",649
"highcharts-hv9y537-699","Luxembourg","Sweden",130
"highcharts-hv9y537-700","Luxembourg","Türkiye",26
"highcharts-hv9y537-701","Luxembourg","United Kingdom",220
"highcharts-hv9y537-702","Malta","Austria",341
"highcharts-hv9y537-703","Malta","Belgium",491
"highcharts-hv9y537-704","Malta","Bulgaria",248
"highcharts-hv9y537-705","Malta","Croatia",318
"highcharts-hv9y537-706","Malta","Cyprus",323
"highcharts-hv9y537-707","Malta","Czechia",529
"highcharts-hv9y537-708","Malta","Denmark",214
"highcharts-hv9y537-709","Malta","Estonia",294
"highcharts-hv9y537-710","Malta","Finland",874
"highcharts-hv9y537-711","Malta","France",603
"highcharts-hv9y537-712","Malta","Germany",904
"highcharts-hv9y537-713","Malta","Greece",592
"highcharts-hv9y537-714","Malta","Hungary",396
"highcharts-hv9y537-715","Malta","Iceland",138
"highcharts-hv9y537-716","Malta","Ireland",1144
"highcharts-hv9y537-717","Malta","Italy",3593
"highcharts-hv9y537-718","Malta","Latvia",266
"highcharts-hv9y537-719","Malta","Lithuania",302
"highcharts-hv9y537-720","Malta","Luxembourg",27
"highcharts-hv9y537-721","Malta","Malta",3256
"highcharts-hv9y537-722","Malta","Netherlands",727
"highcharts-hv9y537-723","Malta","North Macedonia",73
"highcharts-hv9y537-724","Malta","Norway",191
"highcharts-hv9y537-725","Malta","Poland",1578
"highcharts-hv9y537-726","Malta","Portugal",768
"highcharts-hv9y537-727","Malta","Rest of the world",387
"highcharts-hv9y537-728","Malta","Romania",487
"highcharts-hv9y537-729","Malta","Serbia",93
"highcharts-hv9y537-730","Malta","Slovakia",145
"highcharts-hv9y537-731","Malta","Slovenia",436
"highcharts-hv9y537-732","Malta","Spain",1658
"highcharts-hv9y537-733","Malta","Sweden",370
"highcharts-hv9y537-734","Malta","Türkiye",542
"highcharts-hv9y537-735","Malta","United Kingdom",2015
"highcharts-hv9y537-736","Netherlands","Austria",9979
"highcharts-hv9y537-737","Netherlands","Belgium",15498
"highcharts-hv9y537-738","Netherlands","Bulgaria",1155
"highcharts-hv9y537-739","Netherlands","Croatia",1412
"highcharts-hv9y537-740","Netherlands","Cyprus",1134
"highcharts-hv9y537-741","Netherlands","Czechia",4913
"highcharts-hv9y537-742","Netherlands","Denmark",10233
"highcharts-hv9y537-743","Netherlands","Estonia",1808
"highcharts-hv9y537-744","Netherlands","Finland",13208
"highcharts-hv9y537-745","Netherlands","France",15687
"highcharts-hv9y537-746","Netherlands","Germany",35670
"highcharts-hv9y537-747","Netherlands","Greece",4533
"highcharts-hv9y537-748","Netherlands","Hungary",4627
"highcharts-hv9y537-749","Netherlands","Iceland",1281
"highcharts-hv9y537-750","Netherlands","Ireland",7751
"highcharts-hv9y537-751","Netherlands","Italy",19589
"highcharts-hv9y537-752","Netherlands","Latvia",1337
"highcharts-hv9y537-753","Netherlands","Liechtenstein",27
"highcharts-hv9y537-754","Netherlands","Lithuania",1706
"highcharts-hv9y537-755","Netherlands","Luxembourg",466
"highcharts-hv9y537-756","Netherlands","Malta",7335
"highcharts-hv9y537-757","Netherlands","Netherlands",8633
"highcharts-hv9y537-758","Netherlands","North Macedonia",224
"highcharts-hv9y537-759","Netherlands","Norway",9579
"highcharts-hv9y537-760","Netherlands","Poland",4103
"highcharts-hv9y537-761","Netherlands","Portugal",9239
"highcharts-hv9y537-762","Netherlands","Rest of the world",6462
"highcharts-hv9y537-763","Netherlands","Romania",2492
"highcharts-hv9y537-764","Netherlands","Serbia",226
"highcharts-hv9y537-765","Netherlands","Slovakia",827
"highcharts-hv9y537-766","Netherlands","Slovenia",1504
"highcharts-hv9y537-767","Netherlands","Spain",55533
"highcharts-hv9y537-768","Netherlands","Sweden",13581
"highcharts-hv9y537-769","Netherlands","Türkiye",5545
"highcharts-hv9y537-770","Netherlands","United Kingdom",28272
"highcharts-hv9y537-771","North Macedonia","Austria",786
"highcharts-hv9y537-772","North Macedonia","Belgium",386
"highcharts-hv9y537-773","North Macedonia","Bulgaria",4158
"highcharts-hv9y537-774","North Macedonia","Croatia",2761
"highcharts-hv9y537-775","North Macedonia","Cyprus",515
"highcharts-hv9y537-776","North Macedonia","Czechia",756
"highcharts-hv9y537-777","North Macedonia","Denmark",412
"highcharts-hv9y537-778","North Macedonia","Estonia",501
"highcharts-hv9y537-779","North Macedonia","Finland",339
"highcharts-hv9y537-780","North Macedonia","France",1321
"highcharts-hv9y537-781","North Macedonia","Germany",2402
"highcharts-hv9y537-782","North Macedonia","Greece",1611
"highcharts-hv9y537-783","North Macedonia","Hungary",899
"highcharts-hv9y537-784","North Macedonia","Iceland",30
"highcharts-hv9y537-785","North Macedonia","Ireland",233
"highcharts-hv9y537-786","North Macedonia","Italy",4273
"highcharts-hv9y537-787","North Macedonia","Latvia",572
"highcharts-hv9y537-788","North Macedonia","Liechtenstein",11
"highcharts-hv9y537-789","North Macedonia","Lithuania",844
"highcharts-hv9y537-790","North Macedonia","Luxembourg",484
"highcharts-hv9y537-791","North Macedonia","Malta",243
"highcharts-hv9y537-792","North Macedonia","Netherlands",675
"highcharts-hv9y537-793","North Macedonia","North Macedonia",3745
"highcharts-hv9y537-794","North Macedonia","Norway",218
"highcharts-hv9y537-795","North Macedonia","Poland",3309
"highcharts-hv9y537-796","North Macedonia","Portugal",2303
"highcharts-hv9y537-797","North Macedonia","Rest of the world",774
"highcharts-hv9y537-798","North Macedonia","Romania",4131
"highcharts-hv9y537-799","North Macedonia","Serbia",1091
"highcharts-hv9y537-800","North Macedonia","Slovakia",529
"highcharts-hv9y537-801","North Macedonia","Slovenia",1544
"highcharts-hv9y537-802","North Macedonia","Spain",3479
"highcharts-hv9y537-803","North Macedonia","Sweden",443
"highcharts-hv9y537-804","North Macedonia","Türkiye",6604
"highcharts-hv9y537-805","North Macedonia","United Kingdom",470
"highcharts-hv9y537-806","Norway","Austria",2384
"highcharts-hv9y537-807","Norway","Belgium",2740
"highcharts-hv9y537-808","Norway","Bulgaria",196
"highcharts-hv9y537-809","Norway","Croatia",712
"highcharts-hv9y537-810","Norway","Cyprus",411
"highcharts-hv9y537-811","Norway","Czechia",1567
"highcharts-hv9y537-812","Norway","Denmark",6843
"highcharts-hv9y537-813","Norway","Estonia",618
"highcharts-hv9y537-814","Norway","Finland",1456
"highcharts-hv9y537-815","Norway","France",7711
"highcharts-hv9y537-816","Norway","Germany",10555
"highcharts-hv9y537-817","Norway","Greece",1420
"highcharts-hv9y537-818","Norway","Hungary",713
"highcharts-hv9y537-819","Norway","Iceland",1393
"highcharts-hv9y537-820","Norway","Ireland",2196
"highcharts-hv9y537-821","Norway","Italy",7035
"highcharts-hv9y537-822","Norway","Latvia",454
"highcharts-hv9y537-823","Norway","Liechtenstein",4
"highcharts-hv9y537-824","Norway","Lithuania",698
"highcharts-hv9y537-825","Norway","Luxembourg",38
"highcharts-hv9y537-826","Norway","Malta",901
"highcharts-hv9y537-827","Norway","Netherlands",4506
"highcharts-hv9y537-828","Norway","North Macedonia",94
"highcharts-hv9y537-829","Norway","Norway",7323
"highcharts-hv9y537-830","Norway","Poland",1630
"highcharts-hv9y537-831","Norway","Portugal",2601
"highcharts-hv9y537-832","Norway","Rest of the world",1656
"highcharts-hv9y537-833","Norway","Romania",551
"highcharts-hv9y537-834","Norway","Serbia",139
"highcharts-hv9y537-835","Norway","Slovakia",238
"highcharts-hv9y537-836","Norway","Slovenia",761
"highcharts-hv9y537-837","Norway","Spain",12002
"highcharts-hv9y537-838","Norway","Sweden",2718
"highcharts-hv9y537-839","Norway","Türkiye",884
"highcharts-hv9y537-840","Norway","United Kingdom",7181
"highcharts-hv9y537-841","Poland","Austria",7467
"highcharts-hv9y537-842","Poland","Belgium",5916
"highcharts-hv9y537-843","Poland","Bulgaria",7391
"highcharts-hv9y537-844","Poland","Croatia",11197
"highcharts-hv9y537-845","Poland","Cyprus",7117
"highcharts-hv9y537-846","Poland","Czechia",21827
"highcharts-hv9y537-847","Poland","Denmark",3701
"highcharts-hv9y537-848","Poland","Estonia",2913
"highcharts-hv9y537-849","Poland","Finland",5389
"highcharts-hv9y537-850","Poland","France",21640
"highcharts-hv9y537-851","Poland","Germany",54977
"highcharts-hv9y537-852","Poland","Greece",49767
"highcharts-hv9y537-853","Poland","Hungary",9223
"highcharts-hv9y537-854","Poland","Iceland",1477
"highcharts-hv9y537-855","Poland","Ireland",8149
"highcharts-hv9y537-856","Poland","Italy",72896
"highcharts-hv9y537-857","Poland","Latvia",5273
"highcharts-hv9y537-858","Poland","Liechtenstein",52
"highcharts-hv9y537-859","Poland","Lithuania",10532
"highcharts-hv9y537-860","Poland","Luxembourg",1222
"highcharts-hv9y537-861","Poland","Malta",13260
"highcharts-hv9y537-862","Poland","Netherlands",6778
"highcharts-hv9y537-863","Poland","North Macedonia",1903
"highcharts-hv9y537-864","Poland","Norway",3768
"highcharts-hv9y537-865","Poland","Poland",45995
"highcharts-hv9y537-866","Poland","Portugal",44806
"highcharts-hv9y537-867","Poland","Rest of the world",11127
"highcharts-hv9y537-868","Poland","Romania",13586
"highcharts-hv9y537-869","Poland","Serbia",1327
"highcharts-hv9y537-870","Poland","Slovakia",14939
"highcharts-hv9y537-871","Poland","Slovenia",5174
"highcharts-hv9y537-872","Poland","Spain",98648
"highcharts-hv9y537-873","Poland","Sweden",6322
"highcharts-hv9y537-874","Poland","Türkiye",16021
"highcharts-hv9y537-875","Poland","United Kingdom",16305
"highcharts-hv9y537-876","Portugal","Austria",4024
"highcharts-hv9y537-877","Portugal","Belgium",6907
"highcharts-hv9y537-878","Portugal","Bulgaria",4488
"highcharts-hv9y537-879","Portugal","Croatia",6045
"highcharts-hv9y537-880","Portugal","Cyprus",1995
"highcharts-hv9y537-881","Portugal","Czechia",10141
"highcharts-hv9y537-882","Portugal","Denmark",2493
"highcharts-hv9y537-883","Portugal","Estonia",2540
"highcharts-hv9y537-884","Portugal","Finland",5834
"highcharts-hv9y537-885","Portugal","France",13980
"highcharts-hv9y537-886","Portugal","Germany",14607
"highcharts-hv9y537-887","Portugal","Greece",9700
"highcharts-hv9y537-888","Portugal","Hungary",6541
"highcharts-hv9y537-889","Portugal","Iceland",855
"highcharts-hv9y537-890","Portugal","Ireland",3268
"highcharts-hv9y537-891","Portugal","Italy",38033
"highcharts-hv9y537-892","Portugal","Latvia",3111
"highcharts-hv9y537-893","Portugal","Liechtenstein",13
"highcharts-hv9y537-894","Portugal","Lithuania",5565
"highcharts-hv9y537-895","Portugal","Luxembourg",594
"highcharts-hv9y537-896","Portugal","Malta",2505
"highcharts-hv9y537-897","Portugal","Netherlands",7537
"highcharts-hv9y537-898","Portugal","North Macedonia",990
"highcharts-hv9y537-899","Portugal","Norway",2194
"highcharts-hv9y537-900","Portugal","Poland",21589
"highcharts-hv9y537-901","Portugal","Portugal",18584
"highcharts-hv9y537-902","Portugal","Rest of the world",5703
"highcharts-hv9y537-903","Portugal","Romania",11168
"highcharts-hv9y537-904","Portugal","Serbia",847
"highcharts-hv9y537-905","Portugal","Slovakia",3153
"highcharts-hv9y537-906","Portugal","Slovenia",5263
"highcharts-hv9y537-907","Portugal","Spain",54286
"highcharts-hv9y537-908","Portugal","Sweden",3278
"highcharts-hv9y537-909","Portugal","Türkiye",8645
"highcharts-hv9y537-910","Portugal","United Kingdom",6584
"highcharts-hv9y537-911","Rest of the world","Austria",6620
"highcharts-hv9y537-912","Rest of the world","Belgium",5017
"highcharts-hv9y537-913","Rest of the world","Bulgaria",5710
"highcharts-hv9y537-914","Rest of the world","Croatia",4983
"highcharts-hv9y537-915","Rest of the world","Cyprus",2199
"highcharts-hv9y537-916","Rest of the world","Czechia",7235
"highcharts-hv9y537-917","Rest of the world","Denmark",2576
"highcharts-hv9y537-918","Rest of the world","Estonia",3222
"highcharts-hv9y537-919","Rest of the world","Finland",4219
"highcharts-hv9y537-920","Rest of the world","France",19922
"highcharts-hv9y537-921","Rest of the world","Germany",36229
"highcharts-hv9y537-922","Rest of the world","Greece",5832
"highcharts-hv9y537-923","Rest of the world","Hungary",6233
"highcharts-hv9y537-924","Rest of the world","Iceland",388
"highcharts-hv9y537-925","Rest of the world","Ireland",3572
"highcharts-hv9y537-926","Rest of the world","Italy",22380
"highcharts-hv9y537-927","Rest of the world","Latvia",4127
"highcharts-hv9y537-928","Rest of the world","Liechtenstein",109
"highcharts-hv9y537-929","Rest of the world","Lithuania",5805
"highcharts-hv9y537-930","Rest of the world","Luxembourg",724
"highcharts-hv9y537-931","Rest of the world","Malta",909
"highcharts-hv9y537-932","Rest of the world","Netherlands",6129
"highcharts-hv9y537-933","Rest of the world","North Macedonia",537
"highcharts-hv9y537-934","Rest of the world","Norway",2707
"highcharts-hv9y537-935","Rest of the world","Poland",26558
"highcharts-hv9y537-936","Rest of the world","Portugal",7898
"highcharts-hv9y537-937","Rest of the world","Rest of the world",38253
"highcharts-hv9y537-938","Rest of the world","Romania",13314
"highcharts-hv9y537-939","Rest of the world","Serbia",1535
"highcharts-hv9y537-940","Rest of the world","Slovakia",3921
"highcharts-hv9y537-941","Rest of the world","Slovenia",3239
"highcharts-hv9y537-942","Rest of the world","Spain",27799
"highcharts-hv9y537-943","Rest of the world","Sweden",4380
"highcharts-hv9y537-944","Rest of the world","Türkiye",14515
"highcharts-hv9y537-945","Rest of the world","United Kingdom",8027
"highcharts-hv9y537-946","Romania","Austria",4764
"highcharts-hv9y537-947","Romania","Belgium",4630
"highcharts-hv9y537-948","Romania","Bulgaria",13255
"highcharts-hv9y537-949","Romania","Croatia",5528
"highcharts-hv9y537-950","Romania","Cyprus",11041
"highcharts-hv9y537-951","Romania","Czechia",6669
"highcharts-hv9y537-952","Romania","Denmark",2315
"highcharts-hv9y537-953","Romania","Estonia",1657
"highcharts-hv9y537-954","Romania","Finland",2332
"highcharts-hv9y537-955","Romania","France",21592
"highcharts-hv9y537-956","Romania","Germany",17943
"highcharts-hv9y537-957","Romania","Greece",18696
"highcharts-hv9y537-958","Romania","Hungary",26162
"highcharts-hv9y537-959","Romania","Iceland",748
"highcharts-hv9y537-960","Romania","Ireland",1349
"highcharts-hv9y537-961","Romania","Italy",38946
"highcharts-hv9y537-962","Romania","Latvia",3124
"highcharts-hv9y537-963","Romania","Liechtenstein",28
"highcharts-hv9y537-964","Romania","Lithuania",5077
"highcharts-hv9y537-965","Romania","Luxembourg",902
"highcharts-hv9y537-966","Romania","Malta",2685
"highcharts-hv9y537-967","Romania","Netherlands",4192
"highcharts-hv9y537-968","Romania","North Macedonia",2297
"highcharts-hv9y537-969","Romania","Norway",1500
"highcharts-hv9y537-970","Romania","Poland",24175
"highcharts-hv9y537-971","Romania","Portugal",35800
"highcharts-hv9y537-972","Romania","Rest of the world",8680
"highcharts-hv9y537-973","Romania","Romania",29578
"highcharts-hv9y537-974","Romania","Serbia",2033
"highcharts-hv9y537-975","Romania","Slovakia",4480
"highcharts-hv9y537-976","Romania","Slovenia",3046
"highcharts-hv9y537-977","Romania","Spain",46544
"highcharts-hv9y537-978","Romania","Sweden",1536
"highcharts-hv9y537-979","Romania","Türkiye",28471
"highcharts-hv9y537-980","Romania","United Kingdom",6629
"highcharts-hv9y537-981","Serbia","Austria",918
"highcharts-hv9y537-982","Serbia","Belgium",503
"highcharts-hv9y537-983","Serbia","Bulgaria",1996
"highcharts-hv9y537-984","Serbia","Croatia",2359
"highcharts-hv9y537-985","Serbia","Cyprus",491
"highcharts-hv9y537-986","Serbia","Czechia",679
"highcharts-hv9y537-987","Serbia","Denmark",276
"highcharts-hv9y537-988","Serbia","Estonia",243
"highcharts-hv9y537-989","Serbia","Finland",290
"highcharts-hv9y537-990","Serbia","France",1425
"highcharts-hv9y537-991","Serbia","Germany",3406
"highcharts-hv9y537-992","Serbia","Greece",1978
"highcharts-hv9y537-993","Serbia","Hungary",1933
"highcharts-hv9y537-994","Serbia","Iceland",61
"highcharts-hv9y537-995","Serbia","Ireland",62
"highcharts-hv9y537-996","Serbia","Italy",3336
"highcharts-hv9y537-997","Serbia","Latvia",160
"highcharts-hv9y537-998","Serbia","Liechtenstein",16
"highcharts-hv9y537-999","Serbia","Lithuania",427
"highcharts-hv9y537-1000","Serbia","Luxembourg",46
"highcharts-hv9y537-1001","Serbia","Malta",238
"highcharts-hv9y537-1002","Serbia","Netherlands",404
"highcharts-hv9y537-1003","Serbia","North Macedonia",948
"highcharts-hv9y537-1004","Serbia","Norway",251
"highcharts-hv9y537-1005","Serbia","Poland",2108
"highcharts-hv9y537-1006","Serbia","Portugal",1146
"highcharts-hv9y537-1007","Serbia","Rest of the world",1039
"highcharts-hv9y537-1008","Serbia","Romania",2236
"highcharts-hv9y537-1009","Serbia","Serbia",3625
"highcharts-hv9y537-1010","Serbia","Slovakia",622
"highcharts-hv9y537-1011","Serbia","Slovenia",2134
"highcharts-hv9y537-1012","Serbia","Spain",2973
"highcharts-hv9y537-1013","Serbia","Sweden",454
"highcharts-hv9y537-1014","Serbia","Türkiye",1497
"highcharts-hv9y537-1015","Serbia","United Kingdom",313
"highcharts-hv9y537-1016","Slovakia","Austria",4047
"highcharts-hv9y537-1017","Slovakia","Belgium",1604
"highcharts-hv9y537-1018","Slovakia","Bulgaria",1459
"highcharts-hv9y537-1019","Slovakia","Croatia",2804
"highcharts-hv9y537-1020","Slovakia","Cyprus",1194
"highcharts-hv9y537-1021","Slovakia","Czechia",34715
"highcharts-hv9y537-1022","Slovakia","Denmark",779
"highcharts-hv9y537-1023","Slovakia","Estonia",1233
"highcharts-hv9y537-1024","Slovakia","Finland",2129
"highcharts-hv9y537-1025","Slovakia","France",4337
"highcharts-hv9y537-1026","Slovakia","Germany",8586
"highcharts-hv9y537-1027","Slovakia","Greece",2798
"highcharts-hv9y537-1028","Slovakia","Hungary",8890
"highcharts-hv9y537-1029","Slovakia","Iceland",372
"highcharts-hv9y537-1030","Slovakia","Ireland",2253
"highcharts-hv9y537-1031","Slovakia","Italy",10126
"highcharts-hv9y537-1032","Slovakia","Latvia",1310
"highcharts-hv9y537-1033","Slovakia","Liechtenstein",33
"highcharts-hv9y537-1034","Slovakia","Lithuania",2054
"highcharts-hv9y537-1035","Slovakia","Luxembourg",333
"highcharts-hv9y537-1036","Slovakia","Malta",2132
"highcharts-hv9y537-1037","Slovakia","Netherlands",1508
"highcharts-hv9y537-1038","Slovakia","North Macedonia",413
"highcharts-hv9y537-1039","Slovakia","Norway",932
"highcharts-hv9y537-1040","Slovakia","Poland",14152
"highcharts-hv9y537-1041","Slovakia","Portugal",6333
"highcharts-hv9y537-1042","Slovakia","Rest of the world",2609
"highcharts-hv9y537-1043","Slovakia","Romania",3858
"highcharts-hv9y537-1044","Slovakia","Serbia",670
"highcharts-hv9y537-1045","Slovakia","Slovakia",10779
"highcharts-hv9y537-1046","Slovakia","Slovenia",2041
"highcharts-hv9y537-1047","Slovakia","Spain",12422
"highcharts-hv9y537-1048","Slovakia","Sweden",996
"highcharts-hv9y537-1049","Slovakia","Türkiye",3091
"highcharts-hv9y537-1050","Slovakia","United Kingdom",4345
"highcharts-hv9y537-1051","Slovenia","Austria",5412
"highcharts-hv9y537-1052","Slovenia","Belgium",1861
"highcharts-hv9y537-1053","Slovenia","Bulgaria",806
"highcharts-hv9y537-1054","Slovenia","Croatia",4837
"highcharts-hv9y537-1055","Slovenia","Cyprus",883
"highcharts-hv9y537-1056","Slovenia","Czechia",3686
"highcharts-hv9y537-1057","Slovenia","Denmark",995
"highcharts-hv9y537-1058","Slovenia","Estonia",1144
"highcharts-hv9y537-1059","Slovenia","Finland",3215
"highcharts-hv9y537-1060","Slovenia","France",3165
"highcharts-hv9y537-1061","Slovenia","Germany",7193
"highcharts-hv9y537-1062","Slovenia","Greece",1964
"highcharts-hv9y537-1063","Slovenia","Hungary",1707
"highcharts-hv9y537-1064","Slovenia","Iceland",635
"highcharts-hv9y537-1065","Slovenia","Ireland",1763
"highcharts-hv9y537-1066","Slovenia","Italy",6523
"highcharts-hv9y537-1067","Slovenia","Latvia",803
"highcharts-hv9y537-1068","Slovenia","Liechtenstein",151
"highcharts-hv9y537-1069","Slovenia","Lithuania",1288
"highcharts-hv9y537-1070","Slovenia","Luxembourg",87
"highcharts-hv9y537-1071","Slovenia","Malta",1655
"highcharts-hv9y537-1072","Slovenia","Netherlands",2200
"highcharts-hv9y537-1073","Slovenia","North Macedonia",656
"highcharts-hv9y537-1074","Slovenia","Norway",1022
"highcharts-hv9y537-1075","Slovenia","Poland",3891
"highcharts-hv9y537-1076","Slovenia","Portugal",7405
"highcharts-hv9y537-1077","Slovenia","Rest of the world",1577
"highcharts-hv9y537-1078","Slovenia","Romania",1566
"highcharts-hv9y537-1079","Slovenia","Serbia",1297
"highcharts-hv9y537-1080","Slovenia","Slovakia",1014
"highcharts-hv9y537-1081","Slovenia","Slovenia",9614
"highcharts-hv9y537-1082","Slovenia","Spain",11807
"highcharts-hv9y537-1083","Slovenia","Sweden",1346
"highcharts-hv9y537-1084","Slovenia","Türkiye",2172
"highcharts-hv9y537-1085","Slovenia","United Kingdom",2830
"highcharts-hv9y537-1086","Spain","Austria",13453
"highcharts-hv9y537-1087","Spain","Belgium",28171
"highcharts-hv9y537-1088","Spain","Bulgaria",8233
"highcharts-hv9y537-1089","Spain","Croatia",9602
"highcharts-hv9y537-1090","Spain","Cyprus",3603
"highcharts-hv9y537-1091","Spain","Czechia",24435
"highcharts-hv9y537-1092","Spain","Denmark",11315
"highcharts-hv9y537-1093","Spain","Estonia",5204
"highcharts-hv9y537-1094","Spain","Finland",23884
"highcharts-hv9y537-1095","Spain","France",86843
"highcharts-hv9y537-1096","Spain","Germany",76104
"highcharts-hv9y537-1097","Spain","Greece",18401
"highcharts-hv9y537-1098","Spain","Hungary",12817
"highcharts-hv9y537-1099","Spain","Iceland",2989
"highcharts-hv9y537-1100","Spain","Ireland",28084
"highcharts-hv9y537-1101","Spain","Italy",186180
"highcharts-hv9y537-1102","Spain","Latvia",6000
"highcharts-hv9y537-1103","Spain","Liechtenstein",80
"highcharts-hv9y537-1104","Spain","Lithuania",9548
"highcharts-hv9y537-1105","Spain","Luxembourg",1220
"highcharts-hv9y537-1106","Spain","Malta",10637
"highcharts-hv9y537-1107","Spain","Netherlands",28922
"highcharts-hv9y537-1108","Spain","North Macedonia",1491
"highcharts-hv9y537-1109","Spain","Norway",11185
"highcharts-hv9y537-1110","Spain","Poland",61065
"highcharts-hv9y537-1111","Spain","Portugal",70460
"highcharts-hv9y537-1112","Spain","Rest of the world",15115
"highcharts-hv9y537-1113","Spain","Romania",18852
"highcharts-hv9y537-1114","Spain","Serbia",1459
"highcharts-hv9y537-1115","Spain","Slovakia",7430
"highcharts-hv9y537-1116","Spain","Slovenia",10397
"highcharts-hv9y537-1117","Spain","Spain",44279
"highcharts-hv9y537-1118","Spain","Sweden",16603
"highcharts-hv9y537-1119","Spain","Türkiye",14295
"highcharts-hv9y537-1120","Spain","United Kingdom",49889
"highcharts-hv9y537-1121","Sweden","Austria",3435
"highcharts-hv9y537-1122","Sweden","Belgium",4813
"highcharts-hv9y537-1123","Sweden","Bulgaria",355
"highcharts-hv9y537-1124","Sweden","Croatia",1290
"highcharts-hv9y537-1125","Sweden","Cyprus",1278
"highcharts-hv9y537-1126","Sweden","Czechia",2164
"highcharts-hv9y537-1127","Sweden","Denmark",3933
"highcharts-hv9y537-1128","Sweden","Estonia",894
"highcharts-hv9y537-1129","Sweden","Finland",3258
"highcharts-hv9y537-1130","Sweden","France",13128
"highcharts-hv9y537-1131","Sweden","Germany",14559
"highcharts-hv9y537-1132","Sweden","Greece",2394
"highcharts-hv9y537-1133","Sweden","Hungary",1071
"highcharts-hv9y537-1134","Sweden","Iceland",2049
"highcharts-hv9y537-1135","Sweden","Ireland",4161
"highcharts-hv9y537-1136","Sweden","Italy",14362
"highcharts-hv9y537-1137","Sweden","Latvia",744
"highcharts-hv9y537-1138","Sweden","Liechtenstein",18
"highcharts-hv9y537-1139","Sweden","Lithuania",805
"highcharts-hv9y537-1140","Sweden","Luxembourg",142
"highcharts-hv9y537-1141","Sweden","Malta",2015
"highcharts-hv9y537-1142","Sweden","Netherlands",8115
"highcharts-hv9y537-1143","Sweden","North Macedonia",800
"highcharts-hv9y537-1144","Sweden","Norway",3552
"highcharts-hv9y537-1145","Sweden","Poland",3028
"highcharts-hv9y537-1146","Sweden","Portugal",4460
"highcharts-hv9y537-1147","Sweden","Rest of the world",3189
"highcharts-hv9y537-1148","Sweden","Romania",853
"highcharts-hv9y537-1149","Sweden","Serbia",399
"highcharts-hv9y537-1150","Sweden","Slovakia",502
"highcharts-hv9y537-1151","Sweden","Slovenia",963
"highcharts-hv9y537-1152","Sweden","Spain",21148
"highcharts-hv9y537-1153","Sweden","Sweden",5405
"highcharts-hv9y537-1154","Sweden","Türkiye",1575
"highcharts-hv9y537-1155","Sweden","United Kingdom",11486
"highcharts-hv9y537-1156","Türkiye","Austria",15846
"highcharts-hv9y537-1157","Türkiye","Belgium",7656
"highcharts-hv9y537-1158","Türkiye","Bulgaria",10171
"highcharts-hv9y537-1159","Türkiye","Croatia",5162
"highcharts-hv9y537-1160","Türkiye","Cyprus",427
"highcharts-hv9y537-1161","Türkiye","Czechia",27651
"highcharts-hv9y537-1162","Türkiye","Denmark",3375
"highcharts-hv9y537-1163","Türkiye","Estonia",3287
"highcharts-hv9y537-1164","Türkiye","Finland",4939
"highcharts-hv9y537-1165","Türkiye","France",14394
"highcharts-hv9y537-1166","Türkiye","Germany",62349
"highcharts-hv9y537-1167","Türkiye","Greece",10836
"highcharts-hv9y537-1168","Türkiye","Hungary",17096
"highcharts-hv9y537-1169","Türkiye","Iceland",498
"highcharts-hv9y537-1170","Türkiye","Ireland",1200
"highcharts-hv9y537-1171","Türkiye","Italy",44574
"highcharts-hv9y537-1172","Türkiye","Latvia",6770
"highcharts-hv9y537-1173","Türkiye","Liechtenstein",4
"highcharts-hv9y537-1174","Türkiye","Lithuania",12687
"highcharts-hv9y537-1175","Türkiye","Luxembourg",384
"highcharts-hv9y537-1176","Türkiye","Malta",1598
"highcharts-hv9y537-1177","Türkiye","Netherlands",15983
"highcharts-hv9y537-1178","Türkiye","North Macedonia",6698
"highcharts-hv9y537-1179","Türkiye","Norway",1829
"highcharts-hv9y537-1180","Türkiye","Poland",57183
"highcharts-hv9y537-1181","Türkiye","Portugal",25815
"highcharts-hv9y537-1182","Türkiye","Rest of the world",9304
"highcharts-hv9y537-1183","Türkiye","Romania",33508
"highcharts-hv9y537-1184","Türkiye","Serbia",1940
"highcharts-hv9y537-1185","Türkiye","Slovakia",4354
"highcharts-hv9y537-1186","Türkiye","Slovenia",4473
"highcharts-hv9y537-1187","Türkiye","Spain",37382
"highcharts-hv9y537-1188","Türkiye","Sweden",6102
"highcharts-hv9y537-1189","Türkiye","Türkiye",32446
"highcharts-hv9y537-1190","Türkiye","United Kingdom",8130
"highcharts-hv9y537-1191","United Kingdom","Austria",4449
"highcharts-hv9y537-1192","United Kingdom","Belgium",4922
"highcharts-hv9y537-1193","United Kingdom","Bulgaria",1808
"highcharts-hv9y537-1194","United Kingdom","Croatia",966
"highcharts-hv9y537-1195","United Kingdom","Cyprus",2384
"highcharts-hv9y537-1196","United Kingdom","Czechia",4169
"highcharts-hv9y537-1197","United Kingdom","Denmark",5303
"highcharts-hv9y537-1198","United Kingdom","Estonia",1236
"highcharts-hv9y537-1199","United Kingdom","Finland",5735
"highcharts-hv9y537-1200","United Kingdom","France",39874
"highcharts-hv9y537-1201","United Kingdom","Germany",25467
"highcharts-hv9y537-1202","United Kingdom","Greece",4315
"highcharts-hv9y537-1203","United Kingdom","Hungary",2697
"highcharts-hv9y537-1204","United Kingdom","Iceland",1616
"highcharts-hv9y537-1205","United Kingdom","Ireland",4461
"highcharts-hv9y537-1206","United Kingdom","Italy",20260
"highcharts-hv9y537-1207","United Kingdom","Latvia",1046
"highcharts-hv9y537-1208","United Kingdom","Liechtenstein",40
"highcharts-hv9y537-1209","United Kingdom","Lithuania",1579
"highcharts-hv9y537-1210","United Kingdom","Luxembourg",239
"highcharts-hv9y537-1211","United Kingdom","Malta",4853
"highcharts-hv9y537-1212","United Kingdom","Netherlands",13315
"highcharts-hv9y537-1213","United Kingdom","North Macedonia",213
"highcharts-hv9y537-1214","United Kingdom","Norway",3348
"highcharts-hv9y537-1215","United Kingdom","Poland",4080
"highcharts-hv9y537-1216","United Kingdom","Portugal",9243
"highcharts-hv9y537-1217","United Kingdom","Rest of the world",4714
"highcharts-hv9y537-1218","United Kingdom","Romania",3751
"highcharts-hv9y537-1219","United Kingdom","Serbia",154
"highcharts-hv9y537-1220","United Kingdom","Slovakia",1202
"highcharts-hv9y537-1221","United Kingdom","Slovenia",1244
"highcharts-hv9y537-1222","United Kingdom","Spain",59496
"highcharts-hv9y537-1223","United Kingdom","Sweden",8299
"highcharts-hv9y537-1224","United Kingdom","Türkiye",3235
"highcharts-hv9y537-1225","United Kingdom","United Kingdom",11786